"ï»¿ACCOUNT_NR","ACCOUNT_NAME","ACCOUNT_TYPE","VAT_NR","STREET","STREET_CD","HOUSE_NUM1","HOUSE_NUM2","POSTAL_CD","CITY","COUNTRY_CD","PHONE_NR","FAX_NR","Full Address"
"0","2007-05-13","2007-09-15","2008-08-05","CnjMCArgApleddhXbOulqXOhKlwcVaHImbRbVUVMTpfcXxqkMi","3","1","KWSWcCQpdIFncdWAVbkmfuYPJfsKRjHRikCJuhNiTMXoJYLqgH","3","mvTDqFDxxRQwyaAGMtjkYDnwAXdjrTnpQoOYiwtUoWnQqNbDXl","YylkQvanJgpMgHbrtgmOyoGxnXSAqiVBxGCANdCILhUscLHYMf","RYWVTVDDyhNPPSfIxpfhsSljetrisIQYqLdODftDPrETemUkaB","1","SmLYXaklaPcaQuJtXGkAUhRHnBRlXGPRnBBEhSUthFVclHWNvg"
"1","2016-01-10","2020-05-25","2000-03-31","QlIxOWPpErOuhgXFEgxCtnNNbSHCMHQfJiUMGkfJFbWfycGuim","2","4","HNLolPlhQqVGOkoNSIJoJlHNtPujrDStaEeAOkpTrHLGyoTSQC","4","wyRuDEHVJVAcFOrxDlQhMSIfmsgOiiecLBLjCKnKdWQeHpfsWj","FLCDAjMWHadvBoFXmslUVJREPCyreWHmbjWUvNOWeaVUjIRNiy","bWbAblDmBprboIGbTmqDBOxMAJUPRaFsujinhMexRrxMlFGJHU","4","uJnqLaCBmPqDEvMQDMQtsmKBhsKSsfUSkQSSRTRTbPwRmMuyiJ"
"2","2006-03-21","2009-10-31","2006-09-28","PGmpDdNLwfFeKNDNPPQIPqaewJCvejqQMlVeGqDDmUaLPfUgyJ","1","4","PEUcuxTUGaUKDKBLnupIbcpBoaYjjODmPchOrMvycRlWYxXwPk","4","BtrxHMeTPXbecmWSkvyhbLOcpqIxojQFpKSsNEgKhqhDRnBrcb","iLEpkymjqtQFBBoybRVBHYQPvsYWsdWViSOsEfVOscQBPMBouR","COUCRPrCFXlFIejMcWFwtaqcXvKYmcoyUCwvPaUjyqwbBIwWCS","3","NFTymwFmTQpLtVSjGPWwcJPfsvOBeSfatoWyCNNWCHBKdSIBUd"
"3","2010-06-25","2017-09-26","2018-07-30","AyGLtoovTVIpmVvINbfnnXIGJHolSMoNaTwOMObyHBaHywNSod","3","1","cxPPqXjivdLKArOwcAMmqqmBjuUbtPemJCPMJVrbNQibCXQmtp","3","kkPWrGaSnbrJauaNfEJvmgfKrutTqhNFGbQfiQNXeLcRCxmuWK","WOcjyflfViedpRdTQiUhfAskiVYmeYhxKDTLyfNwrKsTwlsHyn","wKfOaKyEreAVwyCLQFnNdutcRtGtywFUoxetqwudLdhdoPsjap","4","XDwYcwCSfsNjSdrnoFCPgwKNxiJjPFHglWDCCvAbMoSlwytvxw"
"4","2000-03-06","2006-11-14","2020-06-23","pxeHbrLfjimxGtECYIqQyOwlxKkAMgmapXKpofbDojHBHHvjlV","1","2","osoLXehkXhTcrdUJpkmFYamxKvfGmVQofBUwKPmvTcJGVEmWsi","3","dayGFGuELwtdLMQvBqiXkaUffHxeajARMdviCcGkTyEBYNluJH","OhBFuRdvkCulJCTGSmAEfhVMMRxJeRiqcJTYiBeLcuuPeCXFpC","mdoVWlpVXOpoccyfABHQESCNtCBefrSIyrtXheKPnloWgbCJgL","3","AlYPuAytPuvKFVGidXcxqHHyKSDSbGlvPfdJeibQWHChSCqXBy"
"5","2002-12-11","2012-07-02","2009-12-20","TpumFRHCDMdxgNfHrWcjWYsQAamyrDILGukhpcBToPdibXhukB","1","4","wsDmRPybhIYFnrkupGFfuYxiYEtgAatfVJXAMNdHXrFEkRMUCP","4","SyYonpqVUmnfFoQXnFvipJacBXqaUKmHBijoarLbiWcXdQmlHX","BMifAQitcFwORDOxCdJwmTGtNydDfLQBGMTEIoqnEaresHOwlb","GJwJqyJydVocDcuqqufKTXSyvvvrsBIDXyOpOATETvKVMaFClg","4","JHOaHsfIwocvNicMikbHsBxQFavAiPuutHqbrvqIcCjuygTaNQ"
"6","2006-04-14","2002-07-10","2020-12-10","dxdvVunFSAexaPgBUnXMGtyMObpJjMwvwiHGkewyKmelOkRMRL","1","2","sposhwcfxNqJUBDxPHYmSFNYurYLGbPdTqxEfQlLTosfsUENTX","2","kwAFTlVoUjFvjXVftYsMqyFlEKqHacddXCynSiVGyRLvUXAFCG","KKNrITRoIngPanGblgjAEfXjnxVOhABKlBoRvLTYoOmKOHVVKT","WvbMaCrpARhtyTbiwcnWCfuIrlCugfHVJWOidyOaraaRmIycTh","1","dotpskQSrLOcpPrbhbHXjOxQaTtOFSBiSAOhsBPjfTYvWOnVmq"
"7","2001-09-16","2000-06-03","2007-08-23","HmQEtISaLDXmJCmINKbhheKyRYeGGuOXkTHudLJdQdanQlKoGa","4","1","JGKdOiQqOmOhBjsJJAHhdrtCuutvEdSdqimhXjfRuByCNTjcJX","1","QfsMdyUAHQwTporOAaivljytCXKabIlqwPBugXOhDdEcpYLlce","lbekQnVfTjGdxKtKbHaFvWRhxELuuPiTIxkNrXCfqlwMwwShrc","XUImyRiOBHirqRJGNMXsbyFnHQjXOkgAwRLlaSgnWbGPiaRCOr","1","OhvowDFYEPyvtyHciNVUdbUgmIFmstuCEAfuujXtHRVsYKLvBN"
"8","2005-06-09","2017-05-19","2002-01-03","vUpWULMvlFwUtVCjLFnLgCsWjKSMydiKRfnxEPxSdULrLXjsSM","3","3","BTPbjJKjjbwaASHbcftBeEECePsrYbBsBbQVNrGCdWWdPnaJpV","1","oSgfVWNXumNakXBOfExLtIAnjfSGieRsDxmjWLoUqfiiEaXObu","MFHnvDdUleSuHDdipnSXXMkXTbvYBtJLUPRauBfyGjQcegjLuC","FaWNhCtkqRYlhxKNvmigOmcBtheRMAgvOrLKeAwTuTNAMqIkKD","4","BvUwKQoRAwopXOMXrGMChrdMRigpsxygOtddDhEdILAAvXcvph"
"9","2017-05-13","2015-06-13","2008-09-24","bWKyeULbUpEncBbphSLDWudDfvEhahFrFHBFiqrlnXsTivLxAr","3","4","sngOFmoIfXfNwgdonxVeVuKMEKPuhbxwdUTTJPtwBQDpveDDaJ","4","JexFXJsdHBbaeMVNrlVjibJWBKrHsCTePpPhLnOOaoWbrWxbxr","BWChcGioWlGYWoPHGVtylfcjgGlxPxsoclCHiqkcmKNibItVwk","OXmXEuHHIQOPhNgRlqdCxwvgMEDqfUFDTojDDnipgSXyHQNHTH","4","oqFvSgRPtTDcmsyrKPGWhFXhOFunmSVlIVruiVJWcghIuuWHyM"
"10","2015-06-25","2021-11-14","2012-08-29","pGtHtliPSCgEXCmiNTnqCraWCUDMCNeLstYwKDvEwkacYWodib","1","2","xSiQjhVLkGEgBJwCKKLwBVwUiXQyXCQIOulrTMLREkrWOJuvLe","3","XSiNLrPwwCtNcLXRxULFhRwcuRfevGMpobDQApmxilkvPBmdIa","MgXTiqNOJUuapAoCqMtMwTKjBCTXCwJEtkvRVNyfjOoqGrJeRx","DHBPkTRAlcSNxFUtQanSRXTSImCJTAkToRGOBWLGYolSPuRcXA","3","JipxDgWsBNHCVjqQNCcbCRSaMycwRCoASEtDXjBxpXytGxqNAL"
"11","2006-04-23","2017-01-14","2019-01-22","bHoclrevpYhOQHjYGpWIruNdcwRrinpbBfoyxqlRBYBXARimgN","3","1","xeyBMGawMMPPUkicuUjHDDTgYeueYlLJtlrOERaetkWxvNcfgc","4","RtKIjnLymharOSujxFuORAiScRHchGDuXbuGcFsUoAmHDJHcaA","nGLaChqNLdYOCYefEnRntvUjHReWlHPmAJVeoUfVCGnfPhwaOu","kylttKYOnHAkDMxwiopEJnPeFEEPKllVQqspoHYrsdyvflcaUM","4","OGMLgxHDXlArGWPQNPLtqcqgnfljGQYHrPLuWDgBntBGTMNpnT"
"12","2012-10-24","2020-01-14","2022-02-10","jSNwsboXbuAuYKIiOQudMPvqQoxmkdopggyogXptsCvklXuQor","1","2","jkPsAUpfVCvPhuLXHccyIFVsUygQnYMqHpvLJUNlFXLLyGLIwu","1","ogDrRoBgsFubCEAogTNQqxwDgBSWnROPATcLegeoSSxgIWkMSq","QsysmkLrxneJPbkocmUtKTySNEDYGSbLfMucBQgfcawDioSWTr","KdvDIjvgmSgxlgBqruFwSgXgbOVLBhrRKBDBaxDtsbjnJRTpPO","3","lpNLKpwwSIpTCQhMUKNvjgstyUwKMjOkhOlJyskXptJLTEUqqV"
"13","2008-07-29","2022-05-07","2016-10-10","MhtxQYWkvkKgHcYfQQrlCwiBXArdUajhiQdnVAUfNlLcocpvhE","2","3","geBMxDlBJtGPWuTqmVbPIqwWRVLuxrfNjVGSOyWBSieUfWgxMW","2","VxxfWKXtoHBLKXiAPtihJbaFHdiVMxmpqWkhGCKVVQVXRIBNJQ","BEXXcOxLClgJuQcQpQriEfMoNRovwJPyKDoBpNRigWywfwKmIr","yIFYIvcXibcDMmXRKXvyNJWPGjiePjnDMxrtupIHgJDGtkMXgI","1","eXRgwvnqRxhdJLuMtseajfQFKBGNUWkOpggpHRaxUSBxJmvOna"
"14","2010-09-15","2001-12-30","2016-08-07","SRDgVRKVRTvKUMBqflNlsNGHUGEealIJgvdmgbFBKRongDLxQL","2","1","mbWthkmVQNAVvExFTVPkUOsRNEVTLpXmNFsAXTgkcGsqfkkBRb","2","qnqlligyGPUaDSJnCoBDQHEPBqwYUURQbGOqIMmTTyrbaLEPiO","PDPqlpsBjwehfVlDlksQKWTTqUXAWDMqiMYLJISvHESSWUSWUk","YWWYPGGpPYnVWlbKaJyXklDPddOpYMBQOWHWKFYwGbgINkhnWs","2","sAawdlVNyXYYTdQmpnUEuwColpnmlqgjHDjSASSTkIGLlOlUlG"
"15","2013-06-09","2003-05-02","2005-07-20","IKUBvpakALWEtjHigIuuBGvMFCBtcGGocwxRTVbglWJxHAlkJu","4","2","LSqrhrobcBpQVPlcRfniThyFXBHOiguJWWqkufunBJDeNqvdfu","4","xVvugkRRflkiesHCofotvkRVltlSdNkilsNkgPyapWeyaWkjHg","YOctnymLFCRHCODQOIBKIuLmqFFfYxdKXXnnaMeTmIpVukIMaJ","aKfkgTQwiQyGttkeNVpbyPumqWqLpAjNQOiyEGfuRetImOnvEw","1","ubMLwSSnvCjFfrqEadpGokXGpvgvfsRjOFlhBexFFwLQhrtCkt"
"16","2002-04-17","2013-08-25","2019-03-25","rfIDNJIIfxYyJjAfwRXQkMrJAxyyLcUYkJTrHRsWPdFmVfmRkV","1","4","YBSodbigeNPuEiMWTyDqjLaGhwgHBHTyqXAOHMWsnFsUasTFYm","2","utyqxateSEKfgdvKYPTxVWQTVTTpibYeBwERHvAFsFkSxyqpfd","gEGYVvcqCAiuqvmeTDHhcGHMBflnYlsrPtIFrwrqbmAkrDMUnm","TlOheqpgCEhJrgBXDnblUTvixiDubapKiYMOXemqbmvImoerJB","2","lLYoaxHQoKLFIxVXeaHTEWBEGoWwbxOhybUUNCgbpoRtsETIom"
"17","2004-06-02","2004-02-05","2003-06-04","TsAvjmjWARVeuJQcqBgGINhHkyWHdPVTUVGbXSICRrhgkCDorj","3","4","LDOxNpqeRwkpqqyUogrbKYRcWsVEEUJCUthxXAyyIkJTyoBJkU","1","AXDlnUwEjXhOQnTSdYiDTVYNUKcNwsiUQdRGkjSaNfhjWbfUHf","wyGqvDeECRLoLPAcOYYOWOSLlGMyyfTfMBLlTrEspolQrbWPVG","LInsItTrokYjHrxQcBQWGVNRfNnAcDkSCxPXhPHJHscWHsUBQj","3","swsEgIKdujFfPyfCgAaRYgCByekVYkmskbklaaLSCxTvYQWBot"
"18","2022-03-14","2009-10-04","2021-01-15","oOUuWgstpXxpKWvOieRcKeMWGCiYOgkUFUkiBQrbdDHUgVGvgg","1","4","OAEhFITgbyHvwJWLngcBbqtKUcJpgKJhfkGasysMTtVMoYlFWc","4","sGMRsJgedgUtDUFnfEugpaUAdlVaJhAdCyjBmeEGEpvqQdbGQt","WGHeEvqCKyBMnnvgNsRhqnhupXglQesofmEqhSjHlCoDLkfqBi","ulnEpMCdTJvviXoHsUsnKNytIyyItOePtpbvmOmmHtDkhKXgeC","2","FpukpdyaaYskLPaiHSNNNjvHrcfTdJYmNkeUkycIXPyHSOypvJ"
"19","2008-06-10","2009-05-28","2015-06-09","kpPkCusKSwuXIlBoYVBTFAxUdMyrybBAMTtAtdCHhblBIxRyKv","3","2","DeSCqQXQgmAJhWaPlPnRbIPfpnChhDDdGIPeekvLWbsbQOIKQF","3","upCXaIwfkEAbCDiCbHdadLxdGvFIgrKsVlWNtgfFHprUrBnIQV","sQxuCwRLbgieVtKYOPOJFCYodgtBsbpBWgJAKuqCDLRnhGKjhF","gLQlCMitfHxpHHafBUnkUtLgoaldwkYfHGunyvFJPCbwwFBPcK","2","HQKhtqVIvOQdgXxNeakigJQOgUwqBtQoKTNtEPaevsEaGGcFXv"
"20","2003-07-24","2007-02-19","2000-08-05","KehbpDKMlpmvMmqwbjUvgjRfiJIoDjvHvSAKJmXvPMCramqgol","1","2","DyWtRTVHsmQonJuPPIElrMdKHLabBVIkrkOJMnndGoxkfienih","4","IvpiuhBbejBoiPtRBYJDJJABsTGCCsuFyytSUwNJDEiwxWMPLG","xEpeAimMMQtOsFwIownUqbhQlSxkQqgXCueuXysQHlmoXRQkvF","WsSAFcDDonVCyVRUNCkIUgJcrfpaHXMxVBtHXqkwaRmfvqhvvr","2","QvLvRsOPjgYfvQnQcXCXlYlICeOMeJeEVUHIRHvkrXxYLgdKnB"
"21","2000-09-14","2017-11-25","2000-03-21","uLPsdVmRJvJJSHheoDhFMDvmtmbUqnWTIbjcvSCyphJFURYEsH","3","1","aXfqiroatFafUQsVRAXDPaxFNvMVMhQQyxLmlLpuRyxEixvSOw","3","IdoDOlwEXLjXEpBCkhFpWXicigKXfBhwGNvwVaWeQaobGPrTvf","WXmnriQiqwRpICTVPaWTuwOXXRkemJJuEiUuJWyPeygkhunedt","mGbCOknkYLVVQmoXfPVPnsJwLjIQCYpWgXcKGcIaBjjaTcjvVP","4","GJkeuwNuKjeitWlYlnpibRMWnxSnVNhHyyjIiCyPEyHLgbRocb"
"22","2018-07-06","2017-01-22","2016-05-24","RwACwdQRibfFHfEeiRhIFxDpXAHWktfkWletXsTUwbeLVoswhP","3","4","uTIDXJPddAclEWvXsgMRcNbBWpRwkpXrYUsjVmFlxcLcLiEMbY","3","nsATtdeBogFoaMMcdfDaPtfIxOlQCosfeFFrGGaDkXdyTtTPeX","UjpFdUAIAujNVAmDEaTBpOPWucFnywlvAnCQceJVFcQVEhFKwM","gFLidmQoqViSvtROuJduvWpdiOcXFkuTHpVkflJJpPCEPjkhdd","3","PsyUbmCrJKdJSqJYtfOFVgPRsBGJcoGReUhvNSFbMIXtCnaxle"
"23","2013-06-04","2002-02-02","2005-07-11","VGhVpbRqooynAMwtIMGOoHgjwSIECxlGVMCyeRFvJxBvqpOCkk","2","3","FinRjlPDPOeTqmeOxOyqaOlkhytxUaoiJfXlJaqeAwrbjOjfXP","1","UStsyxsaUxUlaTIxwxVHUVAeXBEdmdWuFsMQDegMvAvwgLdukT","QfwQgKjlfJyNsVdxooGCSGJOObGbOATJBbjpAWYuiYGpwoKBkL","vAMpyvIyrNkEtNFAHEuhKPaVccGpunuRjkFCJTdGWGOHhVMFQX","2","OYcVmTAwYqIEobcJnFmQuYFusvbNHxSXiyPXpiwVsmwrGDmJup"
"24","2012-09-16","2012-06-29","2016-06-02","pjsPfkyqWJGjNitgEaVpgNxHwhEspXBoTiqdnyisSrTnvlAcYM","1","3","rGjUvpQgVsNAamMymXikBkcrIFUdWASvwhAjCLQCePVqDECbkM","2","ePDwtwMmjtYNUDpJNLywngCwWevdPQvEFmNnArekucsonNBKvJ","CVGdiHKGIRptFSYGhqqlnEscTGUdtyXBKqqscsPKniodlsioDh","AElehJQaSpWVMmDhIlwWoTeGxVJGTfuFQjYvYNKljAtdKXKkOT","3","eIpDSPptciyyatCqqqVgbcJFFXbbhvUsFDsrkpTEfXpmfJHNkO"
"25","2021-12-18","2005-08-01","2021-04-28","muRyEnYrtXIajcIyyoFaomvlXomWwcJgmwfOJrPKIAPNckcpIi","1","1","ASshyimOIfVGtfQRthVQIxLEUTkPeufSMCQwYBCrDpdoadxbeB","3","XNWRBXbDuyGXxdYUJbjkcLcVnyAFtPkhrrlfiUJyggayNcdkXq","OrRuVkrvCcAhFuHvbAkPmRcGxMTceuwcpKPQhFWwweIAyDdUGF","bmJyoJEOHhoURaWHVhxqKnwujcWtRcerKXARgtuioYBFTKaVww","3","rjwKYTQwNxrVbflVYoUjfHMwrFxKCuHtnTABVvWexyfWcwovyJ"
"26","2015-01-04","2018-06-08","2001-12-02","NSECbRKASmXtNrsEukHFhldpUFjtgKDRiWDewhtkEMjUOJPRtB","2","4","sWnGXHEUgtuWlWnxEnoIKEUuIEwnOFVTxHlBcekxscYoNEPGCe","4","NAVPjDlkPspgsxWRJSnEVARtFMuhJfjSIHeWrVMmAKjmSbAkUX","ekkTCbArvWsqaIVoCYwFrHeiBwdtGbHLPpbfIJYgBNAfnPPbXd","WTlInBgtkjFpISVowLgQMIcTWJbFxoLOAhNqsdvQrVluTvLmBq","2","GlTpAWyfYpYwxESJJMFoNNpOcUGPNcBUxMmawlXIQuBOpWbbSc"
"27","2017-02-11","2017-07-05","2002-05-28","UUGhXVluaFcICxeOAmyuJeajyJTnNwnwmjKGiLLCfJTAiUrhva","2","2","rCmWMaUrXnatNCTNfTeuxotmVGgiLXCKcFutXcjdfQjummGXXW","2","faKYCumeuvmUWRCulhMuylanonJCkjFNuOsKrrLtKTgdyABURu","jmViLfpGRaIpVHTySxTFRpubiJTQNlQKpuBjGYtqgKpFRkwmox","biaPSwixDkirsEiAvEdOnsmOjjFixkXXCxpvkckuDdHTNaeRVJ","4","VVSMptkCFaifhtMXCWIdpGuHcUBwIIEwXXCKraHofBxrwiECBk"
"28","2006-11-20","2005-01-22","2018-11-29","VnglijNXLTGGwgUMKmifvGlsGLyDrICmhxuoeLHdkvwGJdiUus","1","2","aceayHpxIShSjwfRxjavNaBsXavKFIexMQflmEQcWPKXxVBqON","1","eRxvoYroDOCLNsGmlAORdXCLMdPFkiPSjwSkLUnyPDKLsiQgch","MrqaxkwpaWjWXTNPnbphgwbjRUPTfxGjKNjhjjEHRKduOuhUFc","ravysQiBccHqbhqLSWsscFvORwkMcEmiYSHJLOWSsIVWxpwRQC","4","BSFfkPQaxkLtSTTcWtKhtbReMmjYvlmxYofYRsyvUAllAoGmRU"
"29","2004-06-16","2015-08-13","2021-08-25","VdjwHAhbVJaTmyUFwDvjpJAymyvaCnSqlKhwpLXYehCRGaLVtU","1","3","YVeDRtPBkcDJrMaYTrImoePlIcpDLWqGoXraEqAuaAPVMcoWFd","2","xhnpfajnDRIQqUYHjILSBVqEuBpdvRtAEPiWQmiafQBLHdaHuy","cuSrTVisjhaxYFOupXTqAjrQNmkSYGjdmjLmIIIaTwjkrSEGpl","xaBnDsOhLvIRMGYPcNKUqIDqhrviMKkapGbQnWGAhkBVIvtrAK","4","rfrsQSqUlruglniRuBJPcqVqSyciAsmncEaOGoBDmqSXxrIsTk"
"30","2015-11-28","2002-04-09","2009-01-28","uFISjaRUMhaaoxoJhJFRhVAcBxvjDPIgUsnaVoGQWNTwXFYrlE","3","2","aGoMRjveWjsYbxTGwXNOEgtxtwQqVFfMuCSjITtkiHnPQBlgFn","1","LFsAXTKjJeTYOCDHThIpIucIwyPamLpSCIHNVPvvOlfsIAUHyI","jVlMWrGmQNXNRKSrYaQwkEKFtWRHfQxDjVKwVnVxNbHkeBnBHx","repfifOknNFiULehyYKmAvKkXarWvqeuYAGHjrSRrtxUrgfLhC","3","ySKsIfskrBjITvdiDkgYSpNNnwNxvjujaAmnkDOSPhAnSGTKYU"
"31","2020-03-05","2020-04-23","2013-02-15","lwwCVCqrEkwVTQWKMrFELxOEDPmCjHAcutXLeCTryLeHFdjoUS","2","2","oompvVrJnTbGOETuYQcmWNBvGYcGsRIxbDJCgbBYVhLcpKxopR","3","WQLpUPjqDYWVNiODHYgMtBJvuIGlFLWNIORetUEjbjgtCrCUjy","XXEGPbJYJAWlTvsCUpGBqcROyKugIeEaYTgrMVXgdDiqaiCsFU","NbhpojjsaSOkaQVCHrKKVketYttGGrmVtvnnyyFcofickAFMlQ","1","HKYuJktsRQNRlCIygsWTBwcRAuXiLbaiYmkaUtkhkhpSSRKivw"
"32","2010-08-19","2010-01-04","2000-06-06","fphdfAeifdjSYLwJtpHDMMdEbnJoyRFSRyPYQcEMOhIuEhThTM","2","1","HTsSUuUlWCvgnbGtVakHGqrPAWyOwEVXDXsYTKbyybOeBPOiBm","1","fSqsmdbpHFjbgBKkXCAPMtVVqTSXGbRRxnRoEqqAsdeucQwFdJ","YGfArkvrbMDLECOgadxlVQjEnvJHbyNaQNCBPwUBohnCwHFvNG","mwbHxQmFnKgPDJndfRMdkQDPLiJDOlxQNHIWMWqkuAQJghLcNd","3","qXLHFhMwGHRtuLtjmKuXwJnXmaNAdKiHemFDOYdQvGpiuyIioV"
"33","2016-05-09","2018-08-05","2013-02-26","pxkauTRWFdtfnRmlBqxDJmNXQnGbAuIDeVKSploVfMbbdXGiLO","3","3","FchqdJSDvtNQucESVKxvylJgSvakgdfnOBDrRvPerdbxYqwdSq","3","tTNmKIkoptOBTIkyDmRThUxfsRLDOvPbXTSFEtscWAQTtVhqHB","lDHndEdGiHqHxOSHWNxLTvCQEhahkwlPVJdwTnmuUPEmIQEiTX","xOQADDXKdLuViQYIdwUBWQWXMaqmHkbmCoOyqvkCoaJFkJBXsB","4","UrfEUfbPQLUBsqoNcHetodYGCpeKMMGAjEqbCUgVVFixJXWrnN"
"34","2001-01-07","2010-08-31","2005-11-19","uyEJEsMQFpcoxhIEluxgvggrRhCtwsWivLrDIqSfcsiRxXlODI","4","1","UkTLbwotEqBMbxWnWELPdGdvhFjvomKbGDQkvDPPpWxWFSyURC","2","DjfcfUNFFSGBSixegpFeNmgwFqXLiasvUxFPHnKGLMwwvwAXhS","fIVFawkBUllbyKTNugjktxFGknpWLEVMwSHOKKNtpDdHsjaKLo","YWSIdJyYSBtonqLsssWSVcIQUppBfJdsUnNcpFjsfshOeDMMue","2","nGnIMwPuPStgfxbWlBamRpaNsUfuqbksduDAHElwNtQjCLCWrH"
"35","2004-02-23","2014-03-02","2015-03-21","kTNNqYoLBgKUJnMVKIILYqyOTGcpwYucXDxhxOGJqUFWWIrKti","4","4","EdjmFeNRiqfCpBepDURAdKOIlhiMiUXgTVOgvIeKgfQGrgTcBa","2","AgHIHTMMBcbJKPFPBCPeaDTbJXMDFTwWmffPlFsFBQYumOpHtR","byTcrNNuImhTFpwAaIHHoiFkYdJlDxorRNbvrWpgYBknUCLBAx","qcqVBuaUqnUnTTLPOICvxqDGKFePpIGcGSsqNtrtHEwOCIffIA","4","gMlnBWVRMRcFDeTlRnkLFCEkuEoTMTuSElfxBhVCAEuPVIJUEL"
"36","2015-12-12","2005-12-14","2008-03-13","OcWTEAPxewIrptTGtbkUhakWifkOhGPAvGKCHDRPAHJSpdSevC","1","1","qxbTkBNaegugMkllJWpjJMLCoEqMYkDDOLbKKmYIdDuoxUCfVb","1","OQduinbrPTXCnQCNCmSDLtWFGwenNABOgrOpVmVWwmymfflgbh","BWbuJFSwwElDIvfQONbEfxOkiwKVxNLCLPJXnluNsftRTpqrPs","VFSqmNHMUJSvHMfEOycdbaUsyiCINnmQuVMOYkPmfOWHjRUrqJ","4","hMLWyIpvuTXTJEyjjpjFLseCEqSXAMTWkTTApUfdrnwMYEOeQg"
"37","2014-04-25","2017-07-02","2022-03-31","gLUpxuDQnogaIdOuhIDbUSopdfClPUOSrMwgtNeaBfRMmbiwwW","4","4","feCHPCtaWbgXBMEmDqcvjMlWxHmdKwutyCWhNFlxBirTlbkvsF","1","SqfUWqlCuanIVqEtqfITiqrcGpxyONVyjJkdctumVgtUyDnvCM","XqFwcIDckfADNDaktIjStFhAgjJjFHmHFUtBEhMoSpBfqhLVqm","LFYcOHcjOljUjWguBGIcNANWHMaVqpKhRiXkstjggBhqliudgq","2","blCOKLvJtMNwjypLSETHtxYPfbLITMTGhobcPjUmJiTjngyxLq"
"38","2016-04-10","2001-05-28","2011-03-06","KuXHfrQntthXDvGfHkRiHmfsCMLSMgPSrCYSLmhOnTfomRqFLn","2","4","mHXGoUsFVNbuXHCUgUPNwFQaKchVoCuSmILrLiknAAykwjWyIo","3","yFOifXwDwQystaRupNpnfiPLcJvlGutcagQSBaTpisqycauYKy","cexCKgfuoRKeEHyTgFfERwtjFrKiLgBFAFyVqSpMdUmnjYCOuD","ItysUYENvajwJwxyNexnYEEhoWrutqnPRXOKuUloCqVfbvFfrm","4","XnrSEUrTiUlvIKvLximCcnkXVpAxthEIjThgmUBCaDqulivNCI"
"39","2008-07-07","2014-04-07","2002-12-26","SEjpPIbMVjyVaoQWhHjUTgHyEHyxdTfDknehGTXLLiodTefgAh","1","1","BRaJirdeWoYUvjqBkEKeOcMgMSNUNwFavBIpCtweItfynliNop","3","pOXvrAfIEJegNcuPYSetYgOwfPYOupVQENoKgEmApwDWKeMBjK","MNYKqWpOPDocUIWHLQKIXxJWtdNrhfihBnDGousUsDHNrwiOjH","yNalTiPqucGeMmfTDEMWMeeqByWiWLRiJBemVAyUyhTVJiktrM","3","tHLqJHbntlBamDwrFhoPGFOOYyrHEsoBKbPBIXbqYregVuLxmo"
"40","2008-03-02","2001-12-23","2001-11-01","nHuyMSRTIDREBNInJqeUFNoEEdSuhJxrbwnUcxSvlNislUQTqt","1","1","mOTHUflAEUBhPCVBQAMSjKfkTiChOueQvpSPHQXNnvRJcmGhJV","4","OdRVdfoepwNcoCXCWWkjdxJFxqRRXUOjGhydpywuemuCaeHpxY","FeHGHuecJVNDuBrGPblTqnFkoUueMAEccNwOMpXjiaWATkqICo","wuNcfebVHgwucrpcILsvFrEKhUiKqKMxdidjFbURFDqBTrdFDN","4","gSApEFragjTQFkspjuFLPviEuErfDleKeeUHvmhXSwoQgAcwLi"
"41","2010-07-20","2011-05-09","2008-09-06","GneCLmmBKiYCdcgKFyxYObgWtYIjoSObmOXCgCJlUEsnybPxoW","3","3","eOejJFnYEtomShpCsXKdoNVBJTNFDcGLooXvGwhcpAxuJenYqt","4","VJgVNDbkVMjqDxINdRbHybhDOENVuWttqDwsweTtTJjNSCPrNJ","eiNripCSBtSPxQgAiHxKnsBSwQlKigVrwhLSLOaMEArphpFVKa","iPqeydtxvBHpVJbWWtkKiaFGVImmpUcYjgwRGCsoOXuBYrKrwf","1","vakaybmaudReiiMehJXfeIwIrfYqavCbJJXhFbwujIlXARRuCL"
"42","2010-10-09","2004-10-01","2004-01-03","OEKBMjWiweTTgOTOgQCVqWxFLjppULrQKrfkWfHSEggPLexsMY","1","1","PIbuPjAUhcosrVrkfuusQPJDhjlNtttIsiWKGoaxiCNjFlFekm","1","iLUSjErPhaMoMQfpCcfysFRuttKGbnUVRRfuxtchYwIqJmTLER","cORuSplNVeFPMxSrJRCjYEcJUbbYWjUqqwnStFfAMHJpDhNxoT","IIrUtCaObkSndtNpedMtwyOvCUOnQTCtnlCnsPallXtAUQmBaY","2","vdFEbLcbgpnUyofPNbvqobUbUGVYkAFMJAjQrKuKFhIgCeAkcO"
"43","2012-03-25","2006-02-08","2009-09-09","deJBnryfuWCoAfbPhwOCPrDPBvOixENaaJPruAxCFEMmANaqmN","4","1","ksHaMlJSgRHghnqkiRyaYSiNPsXvbGBSiURTpUNPCgBucCmPjn","2","QgDVMHCRFUNTCXQxHbYvaJsqlGQKnsAYpYTMIURxvfsrIdgBAY","DQnvDoQBdSTFFKhxPcotnXTlUtxEjoICrPFhFunNccQsusRycO","KVgoBFAUXwkqjfbGAcFbNnTIKQxtSkaygTIUyxXIWkVXGPJwax","1","CqpsWCRALQQcECfRdiOverSetqaRepyDAdIOWVvEoogqiMgRFJ"
"44","2015-04-10","2014-06-04","2020-09-26","taxwYCtVdlNfdfBhnTfJMpcbEwJIevcHnIigBsvbmjVRcVlvmT","3","3","WixnnBXBIkibvqSlnsngfiJFmulTbPKQOoNlGWKnglDGwsJIQP","1","BTwmGWviQHlLHtDoWFpYdNsgyMbYHxhhPxgdXThUEvOYWJajkd","NWhkoqFkAwFtebWAOUKmvsVEmegBMvNpgskGyJsrqyHctOPtkd","QrQBekyqqPOPhPmopqhyDIuwgmhesfbHBlATOImMLCuMDWJepr","3","cetkgylrWnEJVVBbTASblwCHcBNwfshRgBBfUTuqMEDXrLhCcl"
"45","2009-04-13","2013-06-22","2010-02-14","pYuEAGFKNkTkBeAStxinpSUEdKPmYGMUaGpMGCqKLhdjWCbpYY","2","2","SPllhRsDTLAamQKYNkMUdKWRRbPASXSIxGEfLPAUhhmCNdjUVR","2","FYgxJRmABiBmdyJFdjCQqoFaenFmlBuadgmkqyBpNnvDMUGHoI","FRIvhdXSRryCiHGAEVlGSrvEyjNyGcQCuMwMEuQagiNsGkxApw","LLWbUnkNcwlRSmvUkOjjfXsvUKosMEApiCABegmERJcigSWVfo","3","XYgpGMkWRHPctfOaLNypGmkDKLtlfaDPqKvkgLHFmRXFDbdhem"
"46","2010-03-28","2003-08-17","2012-01-18","GJYUqqtfbevQwJrXUOOwthktBPMJekOuShbysjLDXixsUXGSxa","3","4","NRyDYDMwbHgoEiLBKYjENJolVKMixHBPoyTaDSxRYHHdAvIVpN","4","FQfdguxRVyrrqCNTCHNCMESjVIvnouHvNHqLUNEHtGWwFPXvXT","EsDaICaVnGEvjfBKDydPsRLsPNwrEiXDJdkgPECHxRuIdujOPi","bWPEvGtcxiSwCGeNavEQYQdhuGmhJNovksjDXDUplJnoSFTcQb","2","AuSXJKsyshldStQDCoIKJQdlmsDQBGBwJBoUdjBiyEBccqbhoc"
"47","2018-06-03","2009-12-04","2021-06-06","gmvoVquqYWNTeMFUCjFdAnbihRyihKQUMPJiGllVBFKOOqUjks","1","1","vgJFMaArIFPlUWyGGHgIKFfKQGydLlPMLvthGJEFVBRSvxGFfj","4","AtBOhMUMYHjfkHIljQcHxyTGwVSJdfaHCPsiCrEeMIXGNvqRBw","IpOjqAXICjwVwsqKYnEBshVuocpFHEfJjRfSNbFquOeLAHnEbs","qRDibqlcHbOTSgXcOrJswtusGibGmoIYniQsmsJNDqMELefReW","1","FhRrNFaHuCxQqYmhSiyfXyrKshwXtjcaVbqyEItJuDndPQAfna"
"48","2009-12-27","2008-05-04","2018-01-26","WsDocKWuHNeaYvEQlviIbnjTLwOrHMNbWyCQJwTxQsQRkmQQar","2","4","lyYKwvqEKKjNnNhqdgigbVmTEOMhwyngMjtfqRDsAWFoQSBQYg","2","cYLjUfXlXxvPhwxgbOaLGvGUkDKULfeyqBeweYkvHjiVpNyeqD","lcltqGVRJnWQycyOjuoMoWNlNsISKJlnPSkOBopQrgyHHSJvoh","OjxjtURwBvggkdOmLYBCIUNegbkmevgtukbIcecklwibvGcKdQ","4","ISLCuegKvpYDpPimnvQDChbMcvPkbehBJEjmhlhqyvwGneCiLD"
"49","2020-02-02","2017-02-27","2011-08-02","jDgGOqlQnerBFEWcVvqEhPIQJMPbJqKeDAGCTksuBQLruLxfjI","3","4","VssVfGkDvPTugsfyvYNNFpsgxYfaOqXcmJlnWaQXLLyJqTLVgA","2","DtIMrvdKtXJedtEtIhLpyqvWOgBEvfoaQLBURiWadNYlYyAgug","mKPgIaiqpYlwDjuydyptKxErnUhRuvvOtnoCTlauALlsaGnBSK","jIoxXKGgLHbDtpFAChACYeyBivFvNinNwenIFFuPVLuwfXTFat","1","AOUsQpFcidYYtDkuPmujwHdxDlEesrfOisQeDAAVcpTJQRlEiF"
"50","2017-02-26","2011-09-05","2003-07-09","YLUajKqQSdphvxReDXwHSMXOGPneJquWheepHLLYiNfGJNvpRC","4","1","qlLddySVgUwYcifVGslUKiaFdXaCWEVFISsQhnJqxwkjqPkNGD","4","PCvHwQnxQWFDcEmBBFmUbiCvTxTibKlCpQNSOWAGvFsYusIxut","xAXqIuUFGJcbmbPnTgClmUQUnrsrwBBgHLVAhtbXSmwVcDJuGs","jKGvaefPArtDfIkqnlqiLeryMSnAepcwmwIjSAqVsbniEFxOko","2","irDfsrJLNsvllobQwAnXMVhYbBKfqpcXkFdhpTbHDSWGQreuti"
"51","2009-01-24","2000-11-10","2002-04-17","dQPyORCmqkuAOiuRVpPUOMmiPSeKngjhtrcwLNssTrkNQVMGcx","4","1","rKTPwqakYYepAAqlhSvBOuEluhmnRUnFrQluVNIFmXAXOxtpqj","1","riiOlrNckvBdvtiuoQeKNGEuFIkrQxrnTElWNnYNhuSbyNpNjV","hYnQwqQIWXIoOyHVDwMjAuoatLpYtgtqtHrvYyPGQBLdkWAgnq","pmsiBhNkKJvxTANXPKCsoeNkTSRwDjiDkDFXedMSBfDMBtcsen","2","tBcUAweVOyBYXnnYafsJVfhFkUukUDRFJvgbEXFdUBjXuqrdnA"
"52","2020-03-21","2005-07-15","2005-08-14","uejCilFJdnUgyOgIEnLphoVcPCldwtwrREYDgepGlrvKpISHAL","3","3","AHeDfqKsAAkoqtJeKBDTGMhenWlOVWLFdlwGMssDHnaWYYPBdm","4","paOXnhBCHqyuoJuDeoloILqTPcOGvkBWWAgmGtytyoieHUnemt","aJCboFGooXnVmmRECjCXcRBRpYDbsMEAIaEmoIGrJvDwAtiIgn","IbDrJNttHLdOGcwQmkfBEofCOcMmkMkwCJuvvdiwfhhvSqhQNT","4","cNodAHOQRuUdaEVsepVutxBTdOgKeHmCigxfkHqDnfLpWAQClO"
"53","2003-09-25","2004-09-09","2010-05-19","aHutxDGScHGChhCJOkoRrXVNQBEQnnSgOwchMJYJoIEjXFuJsn","2","3","fIovfGwIjyLnRluWjKhQFvwjsHxtTroQcxufMcVpcDHmRdDnEq","4","rgOWYkvJtmAVwkSVlMbBslpaCQKNcpHbTrAndvGogyHesmmBnY","dQJNVEHyElrqqriBpLMBndjTvrKNWxpTFRHGNfbFwDxPqyGNQm","ieRDaMgNMOPVNIlKkuIfkEjuFpyRXNvHdEjpulfqXUjbxOXOxR","3","FguVlePNvxkEcnCWCOacoPftqGwbGFakDKlpJODDcVCuQRwyIt"
"54","2011-07-20","2017-04-30","2017-01-13","TYlpxyvkdCKiBWswkJQonlwLihkAECaGOXJeTcpMvnDMNfnivT","3","2","EHUWXlMByAOqNYaqcCxFsdDPgisDniWKGqUyiyNnbWTnhlYhjQ","4","lVTEiVkJnnFHagtbYEmjlnvyhkkBJTUUoqBWQLmBXxPVxtWIEO","kmBrQogQHCrUlwsQElpDLBbcUCpDKkushrOTpVgEVdmieYllcF","ABUdaTPUeRYLUyerTiAbWccYdUqWEqCKkbBGQyaxWNVAAqaJLP","1","hwGvPpSydQDEKjtErmJDDwJQEkIYNjlwtpndnCOTsbxrJukJLV"
"55","2003-05-20","2014-08-28","2006-07-29","UqRljDhPuabitMCDWhQvHaEyjedKiUhXhsvRWxqqJgTHHrmUlE","2","1","RIadClTTcsLxTKDWiNtQYlJsmEFEIHSfTXfAJnsxwMRTSEPPXs","1","vgGOvAJJKBPweTVdAuciTbWYbxcjJppqkHxybMvhRwuvxThMew","HKXhFEoydrDeWlUjCfeTwDfYQiYOKjhoQqqnoNvCYQSNqUUfKM","UfLllsfkNgoQoOtJyHbeGFIbCWGdNGhWaeroICuWhxrJFYjStE","3","ChFmSROLVAMLfhjvDOWUksTYMaGqcLHFsvhsRCMrhURGXTgpIf"
"56","2006-08-18","2008-07-30","2000-10-22","AgswaIgRtFgrYQmScaXbvFRNaxFDtJLOdrPEtgNfTOaVsnAdvv","4","3","MVTeVqCtFTUXkEbJRMOkqeKoiklwYBLukKucCyBHxvJJcHFjuH","4","qpskyUOoUwoTmeOpVJssDBTFiXGVModPMvMrWxgpjHxPFMcFiN","mvWIsKnnVfhVicMsDMvqJTTnBCknscroVLRYRcuWmnbHBPhKVa","verImdNcCbLFtXWjcarMmPlHYNqkLEHbLvDNNTkyKuoTPMfHMk","2","IakIUSWIxmqEBfKMnSaXAnNyRUnQCQAfBdtKQcLNxRQvbccITY"
"57","2015-10-27","2019-08-07","2009-02-12","YVQuHGwQKvnHekPRikTQDpkowmvOdQIagNEpQtfSbUFwjQWiJD","3","1","NHhpSKWrXAavyoUSJpQdFoyrGxJHEWCptUhjYywMkFBMARCPLN","2","OiLLmHVlRBOjnWqkYdvrjnwEbeKUmWKDrwjbmlmvCUywKhGEso","ehwLttbuIdXjibPUFyWWkVrcBvTNyKqbSaWtaOQfvgHspmnsrr","exybHCSBlavstwAYlFIVdnCMRPnSVEiObXBJoeKnOLtIKBgJRN","1","jKCRsFMAErcMTjurtvfBwHlxNlUSxtirnhgPQtLQLCMJyJfeNj"
"58","2018-11-07","2001-12-11","2008-07-27","CMgGUOfekLQEYABOoTlTXQVAaayqxolNQkAbNcsNMOqsLEDRlq","4","4","HjaVruDuoflgRgWLBylxNMDxdRvrJTRpjbStDSHRWAuTXrHQea","4","XEuUtTIjnxJmqBakAyLACYtqrLwNoGqTombcgwIeOntKwArcIV","qEmjAKoEfIvvFRPtyoNqKREFvSqsbxWieDkOGkeowUnxWxFBck","bfnGLlgNaVFtiPxjYNOLQPjFrhBojYOXsgGaXrYjwAMorjeEpT","2","qLcdNwUlJvCjhWWgRulTbwICirHcEdEqbvnocTpTFbVXLTutxQ"
"59","2005-07-05","2010-09-04","2013-07-07","YAqIBEyjQoBkgUGKUtoQIxvpnkGfLllEfllbWnSGwhqiqnxgAn","3","2","kIbnIjumufpIrTKJkSrFmWwIEjjMoVaArRTurtTWUrBQYnvvTr","4","hBqydFfLHCjeEjsIucUTLiybHMFjQifphcJijRmPPLJELEfmxc","MChWBGmbogNBfRTOKjosTBeLNthnPDktHfQOSUbIlfJMPcUGrl","fmRdVjAFphgVcrQjaoKvgOIvGpPnqWqLSuasFyahWEWvTMicHp","4","xDCtAyKrhBSteXauEGjsAfcGuFPpRibDBJAwqvocVyIeldJynI"
"60","2011-04-24","2009-05-30","2001-11-01","YHBhIxUIHejppRpMMHOFQYqKmjXFLeBYQKhfCOMlbTGvGbkbfq","1","2","bmNnbdottWHvhkfUwrwRMbmKgSElHxqbNKAYyskwrdeqYUVLxd","1","hWKxjjuLyIieJWXphnAJQaMTwNRDHeGaGSskbETkRFWBCghnMx","RrmcIwdQdWOnSHaUwDXaHlHaEcInQbLlefqbtdEdqCsHTVSodl","QrKlfpQhuYSVToKlaQngJhtjaXTwxoJTUdCRWYQvAYFxbLHanj","2","hcGeOnjtQFcwrPGVaHsoxMSfyvYYJeRyyQSOQyTdmGEhjfnIYg"
"61","2005-01-01","2021-11-18","2018-06-09","kOFbFdghqbiHOspjJFvksrpFfABBfVqCURpXMJlDPPHSJygYeC","4","4","QftxYMGddubceixXubWOEqhrIrehaMJLOmNOuxBlLkjBrYudWR","2","HWMmlkvngkJwsMlFsCUrxjIiXPAyrleeoDIDgPjbPXBMGJTqGe","WLIFUTLENaBOkcSREHBTTNjtMpTXLKbvFfTdsqjbLkxIGRfPEB","qCiDKHWQGVjSCbjoOIrnqnCCdxoNbPIamdJKcFOIUdjvGOekoB","3","UtEisnihiFbikIWJHAeSqjcwpjwOPnoduencuJlaQWatUJVaNU"
"62","2010-09-16","2017-11-04","2021-05-19","VKjOlxMgjtWuIpLqqPyDooQEwWGvPEKQvduXpEquRVyLOSDRJQ","2","1","faDcdJKiUPbBOoMaPBHxiBNqggqFExrWgBRisEuFDaxDHJrUpa","3","yJmtPBICkYedbTKRqRQlUgjUWlbSjTpiQpehyIygFHMALvMdcX","iDKGmBqkeWtcWhtDsJFFrnRjNutuNujjvOxpVpCeissvsTHFdd","enEvEAVBNnuWMjxJIUixKARNtTRAeryVKbwalgAInOPggNrDcE","1","HYsFvUKxHeuNDKvwmYbjwdjsQlIYqMMCiHqEFNINCqRHaLvqPU"
"63","2003-02-18","2018-11-04","2006-08-19","DmsHPiWRKjYKJCwyMPADSFjTbxFcsNTLxsXgOMsVOaNuWVAFVu","1","2","ErGWMoHJbGmyTaeruJpwKCdUcwjIBnvrJURQoCCnlushVpBnIv","4","aQJjPwBKYxkhwVdkOuhSGnYkFHiCUEXTihekxVCPdYgLQAsVAT","dPFJeKsCyWaqmYpCvICkSohhICwruEblvqVrMbjbVHtCfrHVVA","MrkPybgYkJULunQbILuKRNcisPnwOiBSWJweLuSuVSufypQtNI","4","HygXyvYdRjWaLCBETyqAjFsjIIixNbyLgKcnFpFjvcncpjRgfC"
"64","2022-01-13","2019-04-01","2019-09-11","nSFJriSEItgguEGFBfcMTFusMKhjEltkThpeQUucnWlGUfaYEr","2","1","FCidjIRDeuYvndpNrSNcWlEGULmjWhwChQRPiyfFHeMBXDofKt","3","fJDbbyVqrUyhaQgWeFNkJlvNjDdyJitdcbfccaVJYXdCFRqCHK","QWHBXmaoXTudACVtJFvNwwdafGJvDNdJAbocwaHYSHRwvWEtib","cXcaFyCpaCvJvTOijstatTjuhGCgHXtBTRPjkSgoIglPCbRgxu","2","SoUYQvTemtnNIlTcHGjOtbhpQOIusdVYmQDWvSfmwHBHJWSlxR"
"65","2016-10-23","2011-12-08","2009-07-18","qblLeyNMJNtNNDdoEwRbAsJmaKftQIDhOetbqnJTJqBWEVUjNw","2","1","yXJwwBbsiEBWSfKDyvIxoTTxxMwEtxhFprxWEYyueuKDRFxVaU","1","wBWEqYpHlikkVvBaINuXjPAUrtlVxjxRgICfJUCPyLmWHMYbQQ","CSnFtjeStMWnMWrnOYMrkSOjgrJSuwgVCYPpBlrPkhKxrxjRMg","TRVgxcfQxIhJchreLgKEKROuutoRqNHfGxRoKElgAqOQiJLhUW","2","iwvHwPIbouuefVYGYSQupKjehrqDJxNxsuILrtQmOCrEOdRxql"
"66","2020-09-26","2009-05-23","2013-05-04","cjUQcnpEMMxbwsUBwsIJgbSgAgTPQoywNsnmUuYrXcLMxHvbwA","1","4","NYMUetytcaLstLrnoBsLpLvgynEEsvEUrBhEnfyDQoHoEkKSLx","3","KkkvAUyxwshHFTfKsgkxXOyahHIoquwAsKvwuuhtSAXLGlADfy","uvPppPMneXdOyKEYIPAOFJiNCkGOADJhmwbVHNLfrGMYlxtJfV","jsVDpTHRgvdgKPeojhassOspsXgEKKkavyyAWqnIsLVSjpgxcD","3","iNuLgmgoMaWvfGLiJTwmbRcAuPCNcYDHIiGTsCbAdxKjVHeKEy"
"67","2002-05-09","2009-07-23","2020-04-18","ImNvIpbtwxDdBOcFBRfgwLvTlENCDYSUMxQqkNiNXhxwPvCXGA","2","3","gcFWacvowqjKRtlyMppcuqvyCrxSDVEfuwaJHcCNjOIoiXswjs","3","XOaXuCqDJXwkDhyhbVbkbGKBpqGXgAnAFtrkrKANQIsKpUJewX","XDtBtrmdlExyJAnwLuMuSgLePAAPDvFXGbUoHjKTmLJLdLuiVK","WQTlMxgOrYJhlgUiDHJaIoApPRqaeuSOhKtMCSVuqcDingYOCK","3","oQgbIiMaTBvVtYhENQVScTAnUJSJmxROhwYDNVXEWGDduTBLHr"
"68","2015-04-28","2003-12-26","2001-07-23","OcHPVUmwjHlVVwujenijbUbgoxYKNwNprYtjEUMLQltQPncERR","2","2","LFBHauYbXpNgGQteJroJQtVwDVwguvBmgJtQaqcvmwdJpPQmrm","1","haupcbauWifkYEYxHkpHuGDsOjfQXKejEIVxuyxRdOTPccVhiK","cDQwnreGngAnQXqouFkViDVxmVpohyoAdESIxsSJtOJxOmDkgH","FTcXKJmKydrlqWeBopdsUhMvirdWextjwvrIOhLQpRAJsiMmev","2","JGnbvralgwRCHFnWSoHmRQjplXDUJqhTTJyINeepsDaxAEWPSh"
"69","2020-12-16","2010-08-20","2020-03-21","cHdqHxXmxdhuySruvgLRdsIkiJkdTuLHWjrvhjWNJdDINEnsOx","3","3","JiEmtFlTubBPKREuQnyAxwmMnDjdYhDxuPmPXMKKyNAFmUdnwv","4","cBBEGUyHnuDItlsUixNxTWoAJyLnXOShCIuwgjEIDfpGneKPXA","FfhjTOGDJwOeTrUkmSuhBBdssSRRwqVOEHGPSaXqWwvtMuaEWm","KYGTnRLiIbtkQppvGruqRWfsvEUFKvMkwErFRVgxOnCaxgWFAk","3","jacBivryeLXROhWXJSqFafNLGxHcvnFvVDsYqpjESYgqFpKSAy"
"70","2005-12-08","2007-07-02","2013-11-13","jjfgdyupKRHGhfdLabDwjPoYqlxQxljbYmqFDkpHpPebCDXvCe","4","3","HNxVnYTuKMMoeOMBlbCDStwBsAuPmYyDcDEKloJapUTWUPNvhp","4","VXdjIkaAuTypOgBUtuGTqJcXVqoQdtsRXLFCTJbcDqKKYMmWOW","tbYURvDlPYPedUMiwygvawNsGvFQXBwGYlPTABicoAgnlibojY","HETlThMdhmsXUmObTmlfspxsvkpqfGIsgRkIJTkqNFNlFxrSTn","1","RTRyBqnQmWbmKlHvynopaCAOSYvVQngLxujcIbUKGoQvFRKCqd"
"71","2020-10-26","2004-08-14","2006-02-24","EqYbioSCXfywQjxaMoiXaOvFHYbyBlrkHjnfGPpFrqCUPHGMpg","4","3","COAuKkpMQAFjemiUeBExbnhoimPtJkntfxaPicCYUdNMTJhSyu","3","RnTuKcAUmwvdBLyEdJIkxCAKChqHIkNIGYfLomAlPmALiJTWNE","iVCyvQyXhXdjSJsOuTwbrwMeXCablVSrqLmGiSPaCXvHwDKAMC","XuVRjIfOOIbAmlBWgcnLWGmEOftwbbQicyTiGnPCFQgBtyROCl","1","dkxvouERhbxnHEIrssUXboNhvNgIexCwoLahClNqjudeMxqSGc"
"72","2007-05-22","2009-11-21","2012-10-19","RevqmEvOaCKJloeMBbvHWAvBUIdePEBTrTBUsJclhmtKRJcNAv","1","3","rewRNhplHrpJmkpkyckRaheDjwvRXuWYBOupyBNGbANpFBXkSU","4","pyMorJwWySstvxKaIIqpVXCeEsirYqQcceRhWwYVwQFAEcINxi","RKnUImlqEEnAtHGGrbMJFRuHLQNbWKVKQdjHUOkjkXlDlcuCrW","lQrxgSsRGAxKvYVKWotyvvavcjeKojpSkgGnCfiyMjTEmVKPPO","3","xCkCKgfKVLPThQcHyWtoidPKWWGUcKNQqaaLHJCUJngbnXpdRr"
"73","2003-12-06","2004-03-02","2012-01-17","JKobhyBwTeCWQKMdfTXliSWKLfUQNeiXfPrlmHsgljrarjPEIX","4","1","phEyfXtktbgeLBYiERcFIdQcNhqSRFCkmgLrUOKQpfmwnJNUrP","2","wEVpBUSWTKsXIkChFUdCKxBhhxYjGCOOlcORyctVWgcWQRoEug","BXvAcDExvuLvuJSMtxgilXvffPMMYmiVTXnVhfpwSiLyJOahYW","AQYkHEStmkSIEhLdhQEohXmanrwJLhoHCNUsLnSdkbORigKRFo","4","TPIiHINjIbJwGrXFSIcsnBkAdfiSNfCWQgGgpfXgNgmPPJtnda"
"74","2021-11-29","2011-12-12","2019-12-11","TxKIlFHDAFafbEflwLsMIiHhhJJQuQFNUfWnLgvrbAJBdDGlJM","4","3","qcUJgAwMcyMQiYPWVeMfuJyGJHarejwVqtHUlQSpxCdgtoyVWa","1","hgwbuJJTEJIDqBxQohyiMhOIAGKpVqXQEGSRHyUYRDgtxLmWEO","brLfpPaMRGIxbUKNnRCqPHlpIHNNcfXyLcqFWatYNuaHwbETpg","KubXKeAXokHFsuJmfCDNyvxOUSjohEFBfCmpEBJGLlMUBiiwfe","1","PoMOQqYMLBLpQFwmyDJpcSCsSQgCHyPCAUVHcsYQhxQRoTUgTR"
"75","2014-04-23","2017-06-23","2003-09-10","PVIGiFXBXeRSJIKAvbBIQEvIeUaMGuyNgjLTqcouXhtOAryOej","3","4","mjgyfeMFVwdnKvqMXoSrSXEFFYFkaWuGwEjcncckAxXMLhQrJK","2","LSTKUGljqnaMCMQFVLydvnhGHAgUfIxQgoFoyMbKunUMHJAwQM","iAbalGUvUvLVoOTYlxWGywXLEYOxlONLXxDbGWtiNQqGLfBrQv","iVUVgqMrYYwjJSDofDhVOROMMospseDApBUutgqXDiEclKmfwC","3","ovCGcEPMrDFMsqfwBFFVbhpiixhiWJYCGEIlwScDKMnGgjuuei"
"76","2020-08-26","2001-11-13","2010-09-06","TGIpuQeouPQWsHqDqietarTCIOKXlXXhvnAxUinFswniVUJItl","1","1","QlfiPVSQLtlrdbOOnMtpTllpYEyJFFVerdBXcmqdewuxLqLdeB","1","mgNlgrKLSeMUtikFfOYoAceRQQVITWCKETBxCylHhWtQVpoehO","lCORMBbwpfhPITClejyLwIhNeLmnYUmnoQHOoTGcckhfViQlro","VGDlIhRnLfMuOkDUONQdrDDoNdUEBojqkBMFgLcSXJTUIhsddX","2","LpFNiXxbhhKpPgtuILjgShlJsCFUodfgbourSwwxcQHJQeJNce"
"77","2016-04-26","2012-10-19","2019-06-01","wwoWjSWYAFsSghnbXJqEOnkiGPUdCwBhGttKtABhtfhrkXSsRI","3","1","XsEvUJDnnmIKnkvsibgxCoAIEgfvXMhUNWTPSdPJjHrvQsDFxn","1","NEYtpQMcmMFQlxxQaxwrMWtuVFvaTYRFbQBTdAMdOWGoavPOiY","MFobvlWYmUBgFserdFbdAUwyPykeoJMMkUpqnsWAHKUnarXOEu","vkJECMhGrDoSHGfXPqcoFpUvDlXakmqLUbdItPNWvtpMOcgkxe","2","xXNLXqDHOFDfTAoUVIEbNIPrQrCpitgCcbxDCFSVifTqMHHMHw"
"78","2012-11-25","2009-07-22","2016-08-28","DsoJUppTodbYRTdXkqpPxhOGHoYuhkvnuDQeombhqlDqKqFfuX","1","1","DpvCuPpnACLUrrrOPJmmjqetKDKJtVXNsHhWeEKLnTQjkjwCyM","2","XOBPJMpHXVCMWTWEqqhtAJxvNgDfDUJWceAXPpVKEXeHNEpoPS","YcLlEAvpwyCktAeakjsdncxKIdsWtKLkhHufVBoPcSDTfyCnyM","WyErSChwBlrADYuyYXPrEQXTPUpKsInDxfsLAsWSAIVQkqwUYd","3","LPYuRglJqKriGwcTgixVhArrojNeJYjLNQXfiQthpWXyiWasuT"
"79","2016-03-14","2000-06-15","2009-12-18","jkKhSEBTNWKiLgVKPWMLFlavOvluLYsYAyQwpljIFuUExyyOlg","3","1","fvkkWhNlfMKhgytlEyMdtKvBcwtXheFOopGxxUvWkmuuiiNGoB","4","CdtxqRqPgeNABvTPbRNdQCdopeyWlSNKXeExuDfoEQJOdiEnWM","lvngkTDqndNpfnBtBBNvXHXyrnfFodyWAxjHwktgOLsoVpOssW","MNLuCpUYCuJGssVeSvJniMJKfrTiPEABAFOPNmLpCFyNRoFcLM","3","ysMDwSqqlMWrCIrDfFDwRmkRmfoLLvtNDDkiBKStkLOIffJLDd"
"80","2021-06-05","2009-10-16","2014-03-15","RdCpAAGrhENCFhxDgkVhKiHMjrMwcMjOCvYoIfevxqybmhIbue","2","1","TxPycXXNcANEXCtrTGVTWbjqGXulBkNHnKlBPpEuiRDqFsdfGj","3","xKpOCyXfbKPgJCkGUaNAJOvGNhQipaHvoNnxCoVnMSBgTumIAx","ruxquanDSjTymolwuijxBedLCFqHXpmHvYNWqNdhYesvvlqsmF","OSsRkRhtrtyeFUBdnvyDfpVGqBYIfHwryLNePaWTkgRCyNEYhX","4","naMViRleUinxFfVavSaasgQmETRDlgQNoLuveiSulXCPtOYuQf"
"81","2004-12-02","2016-05-19","2009-06-20","uAuRAWlCLtvcXQEvoGgMyuQOnCWgJxwJRrgAMlbYWkQThLbFIv","1","4","YMpxKjeCuGdtgnCxMUPOTNauBUnRWtjEkoUeQQxaaRDRxNFtXf","4","ffqfSmpxLomPaRiHNUJCBrwAYrIBpcwfFuSTAQwxtVGiXlsSlj","DLAgCeatneaYJDlAlJPJhntPhOdVQWyktysBjAWLVyJPKYGhrb","fteVJsuBciYNQlLQdqblsujlPETfHCLAStdWlFLLsNPiaskuXk","4","acNEserDIOeIvCcOIvTKxyMRITwLJmxJPihfRbwlANuhoCAILD"
"82","2004-06-12","2001-02-27","2018-02-07","GxxPJDkwiEhKJtVakWrTEIGqhENUVWhfwdxIIEolRRIvMXLwEJ","2","4","HWfHCkTptxVVevSbRUIBoYPUDGmCxuCJRgIyulpbHqqCPxEIQg","2","KbUSsafObCIUTQGjJXujjrohEgALbgBpoeltOvPKttWBtjAmpV","OFdacWODthPMLNPHTGadWLXxXTFNjMxLRXMXrlOLybyGgQdyNp","UPpgBqtByKjpmQhvvPctOiGcoqxNiOaJIxDOKBHFpfqpEtiBPk","4","cGDLciAhbaUERobWrNXNhEKDWRufgKOFyWFArTOvPHXBJghrKt"
"83","2016-08-24","2007-04-27","2011-12-08","AfKmdtPNaxJbrOADiWSeNEWEcwgqcncpEpDuWBUAPvYyNfEuWM","1","3","WPBNHpjpEmaRhShKuFLRCvHJXvDvDeWNohAWyFtOmXvwDBoRpo","4","cgcUctGGqbrduVLugSWQRUsExWKnXAXoyPeQeDeBEGsxHroAiS","hquevIhFXrFwTUFRKptxNVEmyWQEBXfQUgPiFpJHRHRCqVrSgB","qTtQgWSSIOyDAcHYKcWAXKxeXQRDTaPbyPwvuFsHjsacMBvTpu","2","cqGGQRxJIBouiuPpEluboKDSQbvHtwRyRrdsauylddvuDkoOGs"
"84","2008-03-21","2014-11-30","2013-11-14","FHkwQWglOTTWyAiwaTjERykORslUejtUHEuIHEGVoYovuUVqjX","1","2","TGvixKIwXycFejDtPufrLAURSeMnBhLDiWbpsJRwCRPhfYduud","1","hWcSbmpLyjTvBFnUdElEDNTpOQOecaebtfvKRANpusPXctcqfc","uewLnKdJdafrtCptuDwMERHunDlrIAGATKnVDSEXlYDGUOVihm","GIaksRlaBssVdjYjnrkedAMMVyScTRlyjBmiGTYDIwFmXUvcad","1","KhWsADKCrwPwayoEmYLeOWAHTTpNaWRPtELdmONDpEuaacukxe"
"85","2014-01-02","2006-12-03","2006-08-01","IcOcTgARcsTKsapBxyiQYtjJQMmRANXboYdKaeWDJGYDjOTCAq","3","1","LfYpxYFnSWqOjpKUIkVmWYELofqLbpFbyCfqeuGdmbVoMKMNGg","3","XqYKrStXDJRcxrbbspVnRIueKGxPhTBSiKPybHtvFliOFMOkEH","ofgcRCuosmBBFQNjgAJcXWJxeVpDvDuIGgHUMWBJsWtSHwayXw","myfbPWEOqeBlXMXgbOAmuJutKipmHJNsskqxKQLnHBvyUeWOyN","2","jvVBVUbegpfFnOAAnrftwpLlTBHTeoMkxYMoiSxrrADOYBhmPn"
"86","2002-01-23","2020-05-29","2005-01-09","BSpyqNNCPmagAAFAxwyNtEWmnRJUFhIIWoOkfDHWBMAkkBkBOK","3","1","hgMoMVNNSkBELmmibUdnujNQjBCAFsgcaNeAmYFpgujwcCbGaY","3","XGyDcNluuuoTvcuPInKselBLAyweDKAkQyuNQuyJUyTWRuyebj","OwVtJYctnNERCiVdulmrrfoTljUavJjDUkpNiYwDnBqJdQlJDq","vBBRWhIMOFXMUjTKuXyMahJkoPHSArnNgLVIHAYDGRyeBiXhCV","3","YofCBQdOUhhKOxhsabDpHwqNRMuoFwbBFKDJqKVPtqrGtQSsxA"
"87","2016-09-24","2015-04-06","2004-01-21","CVVcCvtefSHVkWHERrkPTbyfTKumFDyWTadWjvIgtkGlvnOtDj","2","1","VlsgRRVdloQivstYAynScIArWenNmSwsvtsqPFtluCysexMvIe","3","nWotpHbURSSucOINxMPnNcPIIumYcJMfDesQOtCAOPUqMOEUEu","bPONgXnwoVgJqEbDoTuGJDuMQEuOhpmHAECBgUmfmCkbJUalEq","OLtjCEcUsVhbOkaIUUSoRGJmNpEQOwYaquJYPUrpnDsJCTBEDJ","3","OINmtWtleghQOgOljowJnpoSWXjeUcoKOVoaKXkxhpJVtgfLTk"
"88","2016-02-10","2010-08-30","2021-04-30","wXISsSqQrXiFCQXMYSrTCffGHLpSFthMYSDBjomUjqQXytBgxe","1","2","fJIdbudCUFkMhYlEOMfnsquKXqGwjRLHILGpNQcagkLubabRQV","1","EmhjlHskuYSOYobbAOfhTjymGignOYnrnnRKMPdMLkrkfPegLd","dENgmobkyYfRESLQkyVVkbxCyrGBYksIVOKYBJvapxCfqLGuRx","DuAqfvoaXJKbPAQQXTEppKDtHuHVpMWcSnDyMxPRqKodvfGiAJ","1","XqedQMAAYcVdDVgmFEsgYDhYPQOiSEShuDEOyPsmJYoaLOmWBo"
"89","2014-08-21","2000-09-09","2019-12-29","gRBOYdQncyEbAiYnMOPbDXjVgjDcNAeSYVIFNNrnQfksdplXLW","1","2","hRQvnUSwhncriyVhhRaEdjyPhKTAbImwjJYdvpdGCYCVWfOTUp","4","yHkFIvMkpjDgedPVDuuondhbRPSmmxeUgDmwavfiVbQwrSAmpi","XQHkXboFjUskcRduAqkoMuYgxWMncbxIQyWwJPpshHPEJCCSDt","QFAYOQxGOjqjTgdVmpaPmCqoWGlkRpLAOAdRuRAAGLeRnVajHt","2","kbNCHTxCMrNLyPXuYhsoIiILBtBxKylfRCqMlepEhWusaIBmVJ"
"90","2004-04-03","2016-03-23","2001-06-18","weaasVIlkaWhpAAHkeTopbJDANluEHiHbOXfyYFVdEhnATtAIG","3","2","lvpqtLSFEWrKTUxdaoQxQcjuDXkvvaVwQLUwHxPtqIYEeCEfec","3","ykGYtUhcaHHwUMBjMOFNOwrHEORpOLbeenTwJkiCnEnMInDgEW","qvbfknidnFsOwBKPOkhnwlBiaUogDjcEJcMpjGykiRCBvhXioK","xnXgCHvEGtXASQaTQFwoGBDPSmSbYADhpwTwkRMAwDRbURerMw","2","yPCqgteDKvHJwduemAbsvRerSucVcCayTuMvKYjGsYFNuxJjPO"
"91","2003-02-06","2005-05-19","2010-03-03","YNTBCbHxYJuOCdmSOdpPRTvnHwqBLhYBLtSUBIfVSqjvyaGRUt","4","1","JhTEjLmCgJbrfuhSbtECmJPIEtOfJuGniCCsTjsFgsKNOGPnhw","3","IelravIgtvQtejJiKYUuaiOUiMMauGBhasLXrQIRnOPtCssFCc","sQLNHlsEWOTSvBnETfUSsVhOjPhIExtFboHsUUJJIbQtSOymgR","dNUBIxoBjVRSvSXsFouvOxpXTGcpnmGqMGdkYGdTxfRkBRyIIh","1","qJwRTmHUWhDUOeDtglAuuHpAtsbvJDRaEitoebhVOTcLbUjODE"
"92","2016-03-05","2020-11-15","2012-06-15","qfdRyEJPDCbSYVwhxooicqLbfbOVmGBYsWmQVTYVekKBcpmUoQ","4","1","WhNQgXYodIdUGFBFedaKEIdsJIrSvKSBLAKOflOTPAEsFvMqiA","1","PsIpdMlkKQvxtqJLMwIslmSOLYrWxkqgdEuAmuLybHhiMURINb","wfqjUNjiljBqCsnbQawwuBeXfpCuJTaUdNwsYhkPWtRYyjHVPQ","ajYOkpqExjjCQBDYwBgaNUKQaKkrGGfntHyCYcXEysnSusLpfq","1","DtsSdRHRCUyUVvrmEdbfrYWJTslSbADxgDuHThThDibgKokNJk"
"93","2005-11-21","2017-03-17","2001-07-20","SqWhQOmKAGOWYTSGRjoxYJLIbQAyetfwqyqByJqTDYtJLmIdmF","4","1","NiLllSyBTBTFQOGuDoFOuTAjNwVWNUPnimmUWKvUnbqBJlRDNy","4","ffpDtWUfRidvMPNwIEEGWldmSnhAtOiikLcsjaYLJVetKqqCkK","BNUNnIHVlyfLssxwcPdWTLiPyAOKvdGbXtfKcGjhFksNNQdiXk","GhVxwgiQGpXynJMwGDljhJdORNoLjHRbcjflNxGThUIlfQGyFG","1","UwpCANriFAowIvlQOKcXGTIIlqFOVrfIBIOYqOJJcWfqMRQSdg"
"94","2009-04-12","2003-11-27","2018-02-13","NtfqFidvpKDCxSaQcgCfXbUwSicQpuRAeXwgrUtIWSsDcWqteU","1","1","QtoIUwKpYAEETbtktIMBrElAWABiJLaIJLCoSwAYoJGqAnpsGi","4","lxLbTfekKsxrGoViSXgNaKUTxrJeoLMjQbOMVDiLawItqxuLmE","BMeDjQHfybPMgrhRNUxgcBgkWceXSQqUGJTJmXkUfjlWHyYBAi","KMXaAelisIlvHrtLVoTswtoxPQeHDUPJcSRaUSrwvMheEyyPAD","2","FronHBarMYnfmwyobOcBHBhVOpuMObEFojpEggdjSrgfJQhSyg"
"95","2006-01-01","2011-12-15","2019-03-01","gCdeFHFKYLrPdEwNyufoltfpSVygIkqTqcsFDIoIPbvdGiVBrq","1","1","aTGgvALYrHrpbpoglNXyTDVExJRLfsayQmPCYIyedPHjtuaaJu","4","mxDTINNcbaaMcNGBpaSdDUoovQuhIQRrKqHwIqdWcEGiACIFHE","pnLNyTAhCrNitToNQJhnkKdDPQEuUStCRgjySnWmWimtQhhUpV","dwqqGdueePnFDRKQsGHbfjWhfbSUdwcSGntKHcvsJdgOmDeObH","4","OSXJwoVnHvkAryWXvtPrcqKcGhdLfdTAxNIDvMeOibWnVbgGLx"
"96","2000-11-24","2015-10-22","2007-02-26","swCLefvDWTbAQlhADqCVypiLkKXCTOpEElTCrKGpKrlcgcsKBR","1","2","bfhqkkPaMQSmbrTGMoJUPnLmChBTFaJRksSiUFoWAfPbETwHPt","2","JOBiXEuAoshoHgVnWBCtfUUEWbbhTJrgwmGISpGSDpBxKLWXEp","PMBqLOeNspHkkeLwssRMPnmQKPlOiURxkASssvAqqjHtyVOdXA","NjNfXFKvaKhQOYCJsPgkgxcbwpDKvkkAulFiaimsFXYmboONXd","3","BSMkUTvTyosOCwjJqjTQihTPDhKmvcFLfJrePeWKhCYHdBJhYk"
"97","2011-06-16","2014-03-25","2017-04-14","erIitaKCthhxvwPUkfWGeXQFrEpKhhRQIQPIGGTOYEmEmOJSRE","1","1","ihWVPXAJOdJfjXPloRpkOROOrIaqOixYoTlpTqUXrXRPWNiiFw","2","PqPeWPAkKxNEXFnMKQWHDnucAPTfAOWuSIfjASCeVobOkTPevx","nykxGYMJOnHsqISpSuvoCMtxTvdmIDfHhqiMqXXSKPMWyMBNHH","LHnFgdMYcbkTPAecaiJyPIxmWyKsmBYJkeKaoybdBCuUGERFjx","1","hrLWyDnGiyfkUQkqhhJVRJcmNIbkEYSUBaHFKHRaELgqXUiOak"
"98","2019-07-15","2007-02-14","2001-12-08","wedfOSTShAGIsmEyfrkKgcrubNaDIjPtuHAdEQRdIqgjXhWWuq","3","4","LGbIXYDtCtSeHelroeXsoJnUGgQtlnUevoLNnRTWSVJruuKJIo","1","jgXUUqNwcKVkJdGISKPIRyUHrYnPxhTkxGcmpYhwYUgtGWurth","IvnRJPtGsmkJtgytciSfuGwPUwJsTYPwYQMKitXqjlfBimffoQ","nMebtOqERdlTRMWRFotOnMMDgqhkatxFiTBHqxNuLxXmpkxpaU","3","DIncSDIAeOaWemYyLnqvVOGFmWDLOTWDCRKsGqnqIGIHFUrNRv"
"99","2015-12-16","2019-12-15","2005-08-24","aGqWGQixTHaLxOWGeLfHBvqqkrCvkqhKKdUWsnpBtgXMgSEcFj","3","3","feHeeEMQnoDNEPoetPiacHPWdruNXLrUQossFjHVpeLtkISiWc","3","lorqYcOOQiUVldXRVlHDPTlCJsxuXonYPbWePnyRkuJtOIvkLD","wunsKaUUnSWLjPwKVOyqWVBykUPnekAxNxfPSNvjCsylHHxFdy","rDDejKAEvhErRcuflJuKSBaDcGjKDTtgiIMMqseyPQSMpDxrsv","3","CFqtnlDPOePGkioBAWJklvcjBBelKIPDAMyvtqqDsteIpiSYOo"
